{
  "GET /Houses" : {
    "transaction" : "GET /Houses",
    "sampleCount" : 5,
    "errorCount" : 0,
    "errorPct" : 0.0,
    "meanResTime" : 1154.0,
    "medianResTime" : 1015.0,
    "minResTime" : 772.0,
    "maxResTime" : 1727.0,
    "pct1ResTime" : 1727.0,
    "pct2ResTime" : 1727.0,
    "pct3ResTime" : 1727.0,
    "throughput" : 2.112378538234051,
    "receivedKBytesPerSec" : 8.253954108576258,
    "sentKBytesPerSec" : 0.3403734949302915
  },
  "Total" : {
    "transaction" : "Total",
    "sampleCount" : 5,
    "errorCount" : 0,
    "errorPct" : 0.0,
    "meanResTime" : 1154.0,
    "medianResTime" : 1015.0,
    "minResTime" : 772.0,
    "maxResTime" : 1727.0,
    "pct1ResTime" : 1727.0,
    "pct2ResTime" : 1727.0,
    "pct3ResTime" : 1727.0,
    "throughput" : 2.112378538234051,
    "receivedKBytesPerSec" : 8.253954108576258,
    "sentKBytesPerSec" : 0.3403734949302915
  }
}