{
  "GET /Wizards?firstName=Fred" : {
    "transaction" : "GET /Wizards?firstName=Fred",
    "sampleCount" : 5,
    "errorCount" : 0,
    "errorPct" : 0.0,
    "meanResTime" : 982.6,
    "medianResTime" : 776.0,
    "minResTime" : 774.0,
    "maxResTime" : 1460.0,
    "pct1ResTime" : 1460.0,
    "pct2ResTime" : 1460.0,
    "pct3ResTime" : 1460.0,
    "throughput" : 2.166377816291161,
    "receivedKBytesPerSec" : 2.916570759315425,
    "sentKBytesPerSec" : 0.38292420385615256
  },
  "Total" : {
    "transaction" : "Total",
    "sampleCount" : 5,
    "errorCount" : 0,
    "errorPct" : 0.0,
    "meanResTime" : 982.6,
    "medianResTime" : 776.0,
    "minResTime" : 774.0,
    "maxResTime" : 1460.0,
    "pct1ResTime" : 1460.0,
    "pct2ResTime" : 1460.0,
    "pct3ResTime" : 1460.0,
    "throughput" : 2.166377816291161,
    "receivedKBytesPerSec" : 2.916570759315425,
    "sentKBytesPerSec" : 0.38292420385615256
  }
}