{
  "GET /Wizards" : {
    "transaction" : "GET /Wizards",
    "sampleCount" : 5,
    "errorCount" : 0,
    "errorPct" : 0.0,
    "meanResTime" : 807.2,
    "medianResTime" : 774.0,
    "minResTime" : 769.0,
    "maxResTime" : 935.0,
    "pct1ResTime" : 935.0,
    "pct2ResTime" : 935.0,
    "pct3ResTime" : 935.0,
    "throughput" : 2.1795989537925022,
    "receivedKBytesPerSec" : 10.694934475806452,
    "sentKBytesPerSec" : 0.3533334241499564
  },
  "Total" : {
    "transaction" : "Total",
    "sampleCount" : 5,
    "errorCount" : 0,
    "errorPct" : 0.0,
    "meanResTime" : 807.2,
    "medianResTime" : 774.0,
    "minResTime" : 769.0,
    "maxResTime" : 935.0,
    "pct1ResTime" : 935.0,
    "pct2ResTime" : 935.0,
    "pct3ResTime" : 935.0,
    "throughput" : 2.1795989537925022,
    "receivedKBytesPerSec" : 10.694934475806452,
    "sentKBytesPerSec" : 0.3533334241499564
  }
}